url	chapt_title	img_path
http://training.anvilproject.org/AI-in-RStudio/index.html	About this Book	./resources/chapt_screen_images/index.png
http://training.anvilproject.org/AI-in-RStudio/learning-objectives.html	Learning Objectives	./resources/chapt_screen_images/learning-objectives.png
http://training.anvilproject.org/AI-in-RStudio/introduction.html	1 Introduction	./resources/chapt_screen_images/introduction.png
http://training.anvilproject.org/AI-in-RStudio/a-new-chapter.html	2 A new chapter	./resources/chapt_screen_images/a-new-chapter.png
http://training.anvilproject.org/AI-in-RStudio/anvil-module-library.html	3 AnVIL Module Library	./resources/chapt_screen_images/anvil-module-library.png
http://training.anvilproject.org/AI-in-RStudio/student-guide.html	4 Student Guide	./resources/chapt_screen_images/student-guide.png
http://training.anvilproject.org/AI-in-RStudio/workspaces.html	5 Workspaces	./resources/chapt_screen_images/workspaces.png
http://training.anvilproject.org/AI-in-RStudio/billing.html	6 Billing	./resources/chapt_screen_images/billing.png
http://training.anvilproject.org/AI-in-RStudio/onboarding.html	7 Onboarding	./resources/chapt_screen_images/onboarding.png
http://training.anvilproject.org/AI-in-RStudio/using-programming-platforms-on-anvil.html	8 Using programming platforms on AnVIL	./resources/chapt_screen_images/using-programming-platforms-on-anvil.png
http://training.anvilproject.org/AI-in-RStudio/data-modules.html	9 Data modules	./resources/chapt_screen_images/data-modules.png
http://training.anvilproject.org/AI-in-RStudio/student-instructions.html	10 Student instructions	./resources/chapt_screen_images/student-instructions.png
http://training.anvilproject.org/AI-in-RStudio/user-management.html	11 User Management	./resources/chapt_screen_images/user-management.png
http://training.anvilproject.org/AI-in-RStudio/why-anvil-details.html	12 Why AnVIL Details	./resources/chapt_screen_images/why-anvil-details.png
http://training.anvilproject.org/AI-in-RStudio/instructor-modules.html	13 Instructor modules	./resources/chapt_screen_images/instructor-modules.png
http://training.anvilproject.org/AI-in-RStudio/status-of-book-repositories-in-the-anvil-collection.html	14 Status of Book Repositories in the AnVIL Collection	./resources/chapt_screen_images/status-of-book-repositories-in-the-anvil-collection.png
http://training.anvilproject.org/AI-in-RStudio/about-the-authors.html	About the Authors	./resources/chapt_screen_images/about-the-authors.png
http://training.anvilproject.org/AI-in-RStudio/references.html	15 References	./resources/chapt_screen_images/references.png
